{
  "num_rows": 154,
  "features": {
    "numtimesprg": {
      "type": "continuous",
      "group": "default",
      "statistics": {
        "cnt": 154.0,
        "min": 0.0,
        "max": 13.0,
        "mean": 3.4740259740259742,
        "std": 3.285541035420079,
        "skew": 0.8821136658827375,
        "kurt": -0.12292406612988822,
        "ste": 0.26475644155892253,
        "cv": 94.5744522345219,
        "var": 10.794779895429246,
        "sum": 535.0,
        "uss": 3521.0,
        "css": 1662.3961038961038
      }
    },
    "age": {
      "type": "continuous",
      "group": "default",
      "statistics": {
        "cnt": 154.0,
        "min": 21.0,
        "max": 67.0,
        "mean": 32.37662337662338,
        "std": 11.618993587012515,
        "skew": 1.1283977775187066,
        "kurt": 0.45217246974889164,
        "ste": 0.936285185127831,
        "cv": 35.88698380264596,
        "var": 135.00101197503795,
        "sum": 4986.0,
        "uss": 182220.0,
        "css": 20790.155844155845
      }
    },
    "plglcconc": {
      "type": "continuous",
      "group": "default",
      "statistics": {
        "cnt": 154.0,
        "min": 0.0,
        "max": 196.0,
        "mean": 114.05194805194805,
        "std": 34.357515332769005,
        "skew": -0.20002668497327153,
        "kurt": 1.3951649511873168,
        "ste": 2.768607484199937,
        "cv": 30.124444097280954,
        "var": 1180.4388598414573,
        "sum": 17564.0,
        "uss": 2184996.0,
        "css": 181787.58441558442
      }
    },
    "bloodp": {
      "type": "continuous",
      "group": "default",
      "statistics": {
        "cnt": 154.0,
        "min": 0.0,
        "max": 110.0,
        "mean": 68.77272727272727,
        "std": 20.725642166440444,
        "skew": -1.6439753264845351,
        "kurt": 4.347474588873822,
        "ste": 1.6701198401890442,
        "cv": 30.13642615080567,
        "var": 429.55224321133414,
        "sum": 10591.0,
        "uss": 794523.0,
        "css": 66151.04545454546
      }
    },
    "skinthick": {
      "type": "continuous",
      "group": "default",
      "statistics": {
        "cnt": 154.0,
        "min": 0.0,
        "max": 60.0,
        "mean": 21.40909090909091,
        "std": 15.29434732875237,
        "skew": -0.12022585465511539,
        "kurt": -1.0260864748332141,
        "ste": 1.2324536297288893,
        "cv": 71.438565017527,
        "var": 233.91706021251477,
        "sum": 3297.0,
        "uss": 106609.0,
        "css": 36023.22727272727
      }
    },
    "twohourserins": {
      "type": "continuous",
      "group": "default",
      "statistics": {
        "cnt": 154.0,
        "min": 0.0,
        "max": 680.0,
        "mean": 63.967532467532465,
        "std": 95.82481437370718,
        "skew": 2.7303727901388553,
        "kurt": 11.65991316148435,
        "ste": 7.721783594580259,
        "cv": 149.80226792763077,
        "var": 9182.39504975544,
        "sum": 9851.0,
        "uss": 2044233.0,
        "css": 1414088.8376623376
      }
    },
    "bmi": {
      "type": "continuous",
      "group": "default",
      "statistics": {
        "cnt": 154.0,
        "min": 0.0,
        "max": 67.1,
        "mean": 32.457142857142856,
        "std": 7.804393177928439,
        "skew": 0.3332946272992655,
        "kurt": 3.125943112897687,
        "ste": 0.6288959243057752,
        "cv": 24.045225460166847,
        "var": 60.90855287569596,
        "sum": 4998.4,
        "uss": 171613.7,
        "css": 9379.917142857179
      }
    },
    "dipedfunc": {
      "type": "continuous",
      "group": "default",
      "statistics": {
        "cnt": 154.0,
        "min": 0.085,
        "max": 1.461,
        "mean": 0.4697467532467534,
        "std": 0.29902031728930406,
        "skew": 1.3083399252183427,
        "kurt": 1.450421714024134,
        "ste": 0.024095743838187668,
        "cv": 63.65564322106802,
        "var": 0.08941315015179609,
        "sum": 72.34100000000002,
        "uss": 47.751574999999995,
        "css": 13.769625123376597
      }
    }
  },
  "targets": {
    "hasdiabetes": {
      "type": "categorical",
      "group": "default",
      "statistics": {
        "unmonitored_frequency": {
          "0": 112.0,
          "1": 42.0
        }
      }
    }
  },
  "missing_metadata": {
    "continuous": [
      "bloodp",
      "age",
      "twohourserins",
      "dipedfunc",
      "plglcconc",
      "bmi",
      "skinthick",
      "numtimesprg"
    ],
    "categorical": [
      "hasdiabetes"
    ]
  }
}